{"cameraMode":{"drawMode":0,"name":"Shaded","section":"Shading Mode"},"sceneLighting":false,"audioPlay":false,"sceneViewState":{"m_AlwaysRefresh":false,"showFog":true,"showSkybox":false,"showFlares":true,"showImageEffects":true,"showParticleSystems":true,"showVisualEffectGraphs":true,"m_FxEnabled":true},"in2DMode":false,"pivot":{"x":0.10541605949401856,"y":0.3133370876312256,"z":0.1638951301574707},"rotation":{"x":0.15174123644828797,"y":0.8479505181312561,"z":-0.3464723229408264,"w":0.37136805057525637},"size":2.6274757385253908,"orthographic":false}