{"cameraMode":{"drawMode":0,"name":"Shaded","section":"Shading Mode"},"sceneLighting":false,"audioPlay":false,"sceneViewState":{"m_AlwaysRefresh":false,"showFog":true,"showSkybox":false,"showFlares":true,"showImageEffects":true,"showParticleSystems":true,"showVisualEffectGraphs":true,"m_FxEnabled":true},"in2DMode":false,"pivot":{"x":0.048506975173950198,"y":0.41640469431877139,"z":-1.4867815971374512},"rotation":{"x":0.05173313617706299,"y":-0.8943101167678833,"z":0.10729783028364182,"w":0.4313752353191376},"size":2.5230519771575929,"orthographic":false}