{"cameraMode":{"drawMode":0,"name":"Shaded","section":"Shading Mode"},"sceneLighting":false,"audioPlay":false,"sceneViewState":{"m_AlwaysRefresh":false,"showFog":true,"showSkybox":false,"showFlares":true,"showImageEffects":true,"showParticleSystems":true,"showVisualEffectGraphs":true,"m_FxEnabled":true},"in2DMode":false,"pivot":{"x":-1.3524290323257447,"y":0.3456299602985382,"z":0.6209574341773987},"rotation":{"x":-0.16515368223190309,"y":0.3729354739189148,"z":-0.06760506331920624,"w":-0.9106320142745972},"size":0.5626861453056336,"orthographic":false}