{"cameraMode":{"drawMode":0,"name":"Shaded","section":"Shading Mode"},"sceneLighting":false,"audioPlay":false,"sceneViewState":{"m_AlwaysRefresh":false,"showFog":false,"showSkybox":false,"showFlares":false,"showImageEffects":false,"showParticleSystems":false,"showVisualEffectGraphs":true,"m_FxEnabled":true},"in2DMode":false,"pivot":{"x":-0.012564927339553833,"y":-0.14693784713745118,"z":0.08997812867164612},"rotation":{"x":-0.013562314212322235,"y":0.9767251014709473,"z":-0.20450660586357118,"w":-0.06465309113264084},"size":1.1206964254379273,"orthographic":false}