{"cameraMode":{"drawMode":0,"name":"Shaded","section":"Shading Mode"},"sceneLighting":false,"audioPlay":false,"sceneViewState":{"m_AlwaysRefresh":false,"showFog":true,"showSkybox":false,"showFlares":true,"showImageEffects":true,"showParticleSystems":true,"showVisualEffectGraphs":true,"m_FxEnabled":true},"in2DMode":false,"pivot":{"x":-0.03554278612136841,"y":0.42774829268455508,"z":-0.012863397598266602},"rotation":{"x":0.1389894038438797,"y":0.5821574330329895,"z":-0.10129261761903763,"w":0.794895350933075},"size":1.7118157148361207,"orthographic":false}