{"cameraMode":{"drawMode":0,"name":"Shaded","section":"Shading Mode"},"sceneLighting":false,"audioPlay":false,"sceneViewState":{"m_AlwaysRefresh":false,"showFog":true,"showSkybox":false,"showFlares":true,"showImageEffects":true,"showParticleSystems":true,"showVisualEffectGraphs":true,"m_FxEnabled":true},"in2DMode":false,"pivot":{"x":0.7331257462501526,"y":0.38590100407600405,"z":0.36910519003868105},"rotation":{"x":0.08896273374557495,"y":0.8122307658195496,"z":-0.12778617441654206,"w":0.5624797344207764},"size":0.32695117592811587,"orthographic":false}